{
  "experiment": "customized",
  "num_agents": 2,
  "num_rounds": 30,
  "attention_k": 50000,
  "attention_a": 200,
  "final_metrics": {
    "accuracy": 0.7037349183818311,
    "precision": 0.9112536754878374,
    "recall": 0.5312865269227772,
    "fpr": 0.06837606837606838,
    "f1_score": 0.6712281565345803,
    "auc_roc": 0.7426734111978949,
    "tp": 6818.0,
    "tn": 9047.0,
    "fp": 664.0,
    "fn": 6015.0
  },
  "training_time_sec": 36734.79207634926
}