{
  "experiment": "random",
  "num_agents": 8,
  "num_rounds": 50,
  "attention_k": 30,
  "attention_a": 50,
  "final_metrics": {
    "accuracy": 0.7638839602555003,
    "precision": 0.9253511554145899,
    "recall": 0.6365619886230811,
    "fpr": 0.06786118834311605,
    "f1_score": 0.7542588061493006,
    "auc_roc": 0.8462343460601904,
    "tp": 8169.0,
    "tn": 9052.0,
    "fp": 659.0,
    "fn": 4664.0
  },
  "training_time_sec": 34874.497488975525
}