{
  "experiment": "random",
  "num_agents": 8,
  "num_rounds": 30,
  "attention_k": 30,
  "attention_a": 50,
  "final_metrics": {
    "accuracy": 0.7406405251951739,
    "precision": 0.9128841607565011,
    "recall": 0.6018078391646536,
    "fpr": 0.07589331685717228,
    "f1_score": 0.725402714507115,
    "auc_roc": 0.771076521668698,
    "tp": 7723.0,
    "tn": 8974.0,
    "fp": 737.0,
    "fn": 5110.0
  },
  "training_time_sec": 24731.366381406784
}