{
  "experiment": "random",
  "num_agents": 2,
  "num_rounds": 2,
  "attention_k": 30,
  "attention_a": 50,
  "final_metrics": {
    "accuracy": 0.79,
    "precision": 0.8490566037735849,
    "recall": 0.7758620689655172,
    "fpr": 0.19047619047619047,
    "f1_score": 0.8108108108108109,
    "auc_roc": 0.9166666666666667,
    "tp": 45.0,
    "tn": 34.0,
    "fp": 8.0,
    "fn": 13.0
  },
  "training_time": 0.7133281230926514
}